Model,MAE,MSE,RMSE,R2 Score
Linear Regression,69.64593610960561,6346.991986086081,79.66801105893181,-9.566170152974784e-05
Random Forest Regressor,70.20819672131148,6547.847023224043,80.91876805305456,-0.03174439415824848
XGBoost Regressor,75.02264870711363,7830.091740001302,88.48780560055324,-0.23378777503967285
Decision Tree Regressor,93.19262295081967,12835.32650273224,113.29309997847282,-1.022462668937595
